Asset,Owner Email,Expiry Date
Asset_1,shivasaimoghekar@gmail.com,2025-02-12 15:20:20.780077
Asset_2,user2@example.com,2025-08-20 15:20:20.780110
Asset_3,user3@example.com,2025-05-17 15:20:20.780133
Asset_4,user4@example.com,2025-10-23 15:20:20.780138
Asset_5,user5@example.com,2025-03-30 15:20:20.780141
Asset_6,user6@example.com,2025-09-03 15:20:20.780145
Asset_7,user7@example.com,2025-12-08 15:20:20.780149
Asset_8,user8@example.com,2025-07-13 15:20:20.780154
Asset_9,user9@example.com,2026-01-05 15:20:20.780164
Asset_10,user10@example.com,2025-07-22 15:20:20.780169
Asset_11,user11@example.com,2025-06-12 15:20:20.780173
Asset_12,user12@example.com,2025-10-15 15:20:20.780176
Asset_13,user13@example.com,2025-02-27 15:20:20.780180
Asset_14,user14@example.com,2025-11-17 15:20:20.780183
Asset_15,user15@example.com,2025-07-19 15:20:20.780186
Asset_16,user16@example.com,2025-07-17 15:20:20.780190
Asset_17,user17@example.com,2025-05-22 15:20:20.780193
Asset_18,user18@example.com,2025-12-12 15:20:20.780196
Asset_19,user19@example.com,2025-11-06 15:20:20.780200
Asset_20,user20@example.com,2025-09-03 15:20:20.780213
Asset_21,user21@example.com,2025-05-19 15:20:20.780216
Asset_22,user22@example.com,2025-11-17 15:20:20.780219
Asset_23,user23@example.com,2025-10-31 15:20:20.780223
Asset_24,user24@example.com,2025-07-27 15:20:20.780226
Asset_25,user25@example.com,2025-05-07 15:20:20.780231
Asset_26,user26@example.com,2025-10-22 15:20:20.780236
Asset_27,user27@example.com,2025-07-03 15:20:20.780242
Asset_28,user28@example.com,2025-08-16 15:20:20.780247
Asset_29,user29@example.com,2025-04-30 15:20:20.780252
Asset_30,user30@example.com,2026-01-16 15:20:20.780257
Asset_31,user31@example.com,2025-03-04 15:20:20.780261
Asset_32,user32@example.com,2026-01-24 15:20:20.780264
Asset_33,user33@example.com,2025-08-21 15:20:20.780267
Asset_34,user34@example.com,2025-11-04 15:20:20.780271
Asset_35,user35@example.com,2025-05-09 15:20:20.780274
Asset_36,user36@example.com,2025-04-18 15:20:20.780277
Asset_37,user37@example.com,2026-01-06 15:20:20.780280
Asset_38,user38@example.com,2025-07-06 15:20:20.780283
Asset_39,user39@example.com,2025-11-25 15:20:20.780286
Asset_40,user40@example.com,2026-01-19 15:20:20.780291
Asset_41,user41@example.com,2025-09-07 15:20:20.780295
Asset_42,user42@example.com,2025-12-02 15:20:20.780298
Asset_43,user43@example.com,2025-12-29 15:20:20.780311
Asset_44,user44@example.com,2026-01-20 15:20:20.780314
Asset_45,user45@example.com,2025-02-25 15:20:20.780329
Asset_46,user46@example.com,2025-10-01 15:20:20.780335
Asset_47,user47@example.com,2026-01-16 15:20:20.780338
Asset_48,user48@example.com,2025-06-30 15:20:20.780341
Asset_49,user49@example.com,2025-04-26 15:20:20.780344
Asset_50,user50@example.com,2025-02-20 15:20:20.780347
Asset_51,user51@example.com,2025-04-12 15:20:20.780351
Asset_52,user52@example.com,2025-03-26 15:20:20.780354
Asset_53,user53@example.com,2025-07-23 15:20:20.780357
Asset_54,user54@example.com,2025-04-02 15:20:20.780360
Asset_55,user55@example.com,2025-12-05 15:20:20.780363
Asset_56,user56@example.com,2025-08-26 15:20:20.780367
Asset_57,user57@example.com,2025-12-03 15:20:20.780370
Asset_58,user58@example.com,2025-03-27 15:20:20.780373
Asset_59,user59@example.com,2025-03-03 15:20:20.780384
Asset_60,user60@example.com,2025-04-10 15:20:20.780388
Asset_61,user61@example.com,2025-07-01 15:20:20.780391
Asset_62,user62@example.com,2025-11-26 15:20:20.780394
Asset_63,user63@example.com,2025-02-07 15:20:20.780397
Asset_64,user64@example.com,2025-07-08 15:20:20.780400
Asset_65,user65@example.com,2025-08-22 15:20:20.780404
Asset_66,user66@example.com,2025-02-28 15:20:20.780407
Asset_67,user67@example.com,2025-06-04 15:20:20.780410
Asset_68,user68@example.com,2026-02-01 15:20:20.780413
Asset_69,user69@example.com,2025-06-05 15:20:20.780417
Asset_70,user70@example.com,2025-07-08 15:20:20.780420
Asset_71,user71@example.com,2025-03-21 15:20:20.780423
Asset_72,user72@example.com,2025-02-08 15:20:20.780426
Asset_73,user73@example.com,2026-01-23 15:20:20.780429
Asset_74,user74@example.com,2025-10-12 15:20:20.780433
Asset_75,user75@example.com,2025-05-14 15:20:20.780437
Asset_76,user76@example.com,2025-07-25 15:20:20.780440
Asset_77,user77@example.com,2025-03-05 15:20:20.780443
Asset_78,user78@example.com,2025-10-21 15:20:20.780446
Asset_79,user79@example.com,2026-01-08 15:20:20.780450
Asset_80,user80@example.com,2025-03-30 15:20:20.780452
Asset_81,user81@example.com,2025-05-17 15:20:20.780456
Asset_82,user82@example.com,2025-04-17 15:20:20.780459
Asset_83,user83@example.com,2025-08-25 15:20:20.780462
Asset_84,user84@example.com,2025-02-16 15:20:20.780465
Asset_85,user85@example.com,2025-05-26 15:20:20.780468
Asset_86,user86@example.com,2025-07-09 15:20:20.780471
Asset_87,user87@example.com,2025-10-08 15:20:20.780474
Asset_88,user88@example.com,2025-07-22 15:20:20.780477
Asset_89,user89@example.com,2025-03-09 15:20:20.780480
Asset_90,user90@example.com,2025-12-03 15:20:20.780484
Asset_91,user91@example.com,2025-11-30 15:20:20.780489
Asset_92,user92@example.com,2025-07-26 15:20:20.780495
Asset_93,user93@example.com,2026-01-02 15:20:20.780500
Asset_94,user94@example.com,2025-07-12 15:20:20.780506
Asset_95,user95@example.com,2025-04-09 15:20:20.780526
Asset_96,user96@example.com,2026-01-25 15:20:20.780530
Asset_97,user97@example.com,2025-03-29 15:20:20.780534
Asset_98,user98@example.com,2025-11-10 15:20:20.780537
Asset_99,user99@example.com,2025-05-22 15:20:20.780540
Asset_100,user100@example.com,2025-06-02 15:20:20.780544
Asset_101,user101@example.com,2026-01-22 15:20:20.780547
Asset_102,user102@example.com,2025-02-23 15:20:20.780550
Asset_103,user103@example.com,2026-01-14 15:20:20.780553
Asset_104,user104@example.com,2025-11-26 15:20:20.780556
Asset_105,user105@example.com,2026-01-29 15:20:20.780560
Asset_106,user106@example.com,2025-03-25 15:20:20.780563
Asset_107,user107@example.com,2025-12-26 15:20:20.780566
Asset_108,user108@example.com,2025-11-06 15:20:20.780570
Asset_109,user109@example.com,2025-09-19 15:20:20.780573
Asset_110,user110@example.com,2025-08-13 15:20:20.780577
Asset_111,user111@example.com,2025-03-22 15:20:20.780580
Asset_112,user112@example.com,2025-06-28 15:20:20.780583
Asset_113,user113@example.com,2025-09-03 15:20:20.780586
Asset_114,user114@example.com,2026-01-08 15:20:20.780590
Asset_115,user115@example.com,2025-07-21 15:20:20.780593
Asset_116,user116@example.com,2025-05-28 15:20:20.780596
Asset_117,user117@example.com,2025-07-18 15:20:20.780599
Asset_118,user118@example.com,2025-04-05 15:20:20.780602
Asset_119,user119@example.com,2025-07-11 15:20:20.780606
Asset_120,user120@example.com,2026-01-08 15:20:20.780608
Asset_121,user121@example.com,2026-01-27 15:20:20.780612
Asset_122,user122@example.com,2025-05-04 15:20:20.780615
Asset_123,user123@example.com,2025-08-01 15:20:20.780618
Asset_124,user124@example.com,2025-07-19 15:20:20.780621
Asset_125,user125@example.com,2025-09-12 15:20:20.780624
Asset_126,user126@example.com,2025-08-24 15:20:20.780627
Asset_127,user127@example.com,2025-10-10 15:20:20.780630
Asset_128,user128@example.com,2025-09-14 15:20:20.780634
Asset_129,user129@example.com,2025-08-09 15:20:20.780637
Asset_130,user130@example.com,2025-07-26 15:20:20.780641
Asset_131,user131@example.com,2025-05-07 15:20:20.780644
Asset_132,user132@example.com,2025-03-24 15:20:20.780647
Asset_133,user133@example.com,2025-02-15 15:20:20.780650
Asset_134,user134@example.com,2025-06-30 15:20:20.780653
Asset_135,user135@example.com,2025-09-11 15:20:20.780656
Asset_136,user136@example.com,2025-08-04 15:20:20.780659
Asset_137,user137@example.com,2025-03-22 15:20:20.780663
Asset_138,user138@example.com,2025-11-30 15:20:20.780666
Asset_139,user139@example.com,2025-08-14 15:20:20.780669
Asset_140,user140@example.com,2025-06-12 15:20:20.780673
Asset_141,user141@example.com,2025-09-19 15:20:20.780676
Asset_142,user142@example.com,2026-01-22 15:20:20.780679
Asset_143,user143@example.com,2025-02-18 15:20:20.780682
Asset_144,user144@example.com,2025-09-16 15:20:20.780685
Asset_145,user145@example.com,2025-11-19 15:20:20.780688
Asset_146,user146@example.com,2025-12-03 15:20:20.780692
Asset_147,user147@example.com,2025-11-09 15:20:20.780695
Asset_148,user148@example.com,2026-01-24 15:20:20.780699
Asset_149,user149@example.com,2025-02-15 15:20:20.780702
Asset_150,user150@example.com,2025-02-24 15:20:20.780705
Asset_151,user151@example.com,2026-01-27 15:20:20.780709
Asset_152,user152@example.com,2025-06-15 15:20:20.780712
Asset_153,user153@example.com,2025-08-10 15:20:20.780715
Asset_154,user154@example.com,2026-01-24 15:20:20.780718
Asset_155,user155@example.com,2025-02-21 15:20:20.780721
Asset_156,user156@example.com,2025-10-11 15:20:20.780725
Asset_157,user157@example.com,2025-04-15 15:20:20.780728
Asset_158,user158@example.com,2025-08-28 15:20:20.780731
Asset_159,user159@example.com,2025-12-11 15:20:20.780734
Asset_160,user160@example.com,2025-05-13 15:20:20.780737
Asset_161,user161@example.com,2026-01-11 15:20:20.780740
Asset_162,user162@example.com,2025-12-01 15:20:20.780743
Asset_163,user163@example.com,2025-10-20 15:20:20.780746
Asset_164,user164@example.com,2026-01-16 15:20:20.780750
Asset_165,user165@example.com,2025-08-03 15:20:20.780753
Asset_166,user166@example.com,2025-10-12 15:20:20.780756
Asset_167,user167@example.com,2025-10-02 15:20:20.780759
Asset_168,user168@example.com,2025-06-08 15:20:20.780763
Asset_169,user169@example.com,2025-11-03 15:20:20.780766
Asset_170,user170@example.com,2025-07-22 15:20:20.780769
Asset_171,user171@example.com,2025-09-05 15:20:20.780773
Asset_172,user172@example.com,2025-09-21 15:20:20.780776
Asset_173,user173@example.com,2025-09-21 15:20:20.780780
Asset_174,user174@example.com,2025-03-09 15:20:20.780783
Asset_175,user175@example.com,2025-04-26 15:20:20.780787
Asset_176,user176@example.com,2025-08-02 15:20:20.780790
Asset_177,user177@example.com,2025-08-24 15:20:20.780793
Asset_178,user178@example.com,2026-01-19 15:20:20.780796
Asset_179,user179@example.com,2025-04-15 15:20:20.780799
Asset_180,user180@example.com,2025-08-16 15:20:20.780802
Asset_181,user181@example.com,2025-02-06 15:20:20.780806
Asset_182,user182@example.com,2025-08-02 15:20:20.780809
Asset_183,user183@example.com,2025-09-01 15:20:20.780812
Asset_184,user184@example.com,2025-08-06 15:20:20.780815
Asset_185,user185@example.com,2025-04-05 15:20:20.780818
Asset_186,user186@example.com,2025-08-17 15:20:20.780821
Asset_187,user187@example.com,2025-07-09 15:20:20.780824
Asset_188,user188@example.com,2025-10-28 15:20:20.780827
Asset_189,user189@example.com,2025-08-30 15:20:20.780830
Asset_190,user190@example.com,2025-08-09 15:20:20.780833
Asset_191,user191@example.com,2025-08-29 15:20:20.780837
Asset_192,user192@example.com,2025-11-11 15:20:20.780841
Asset_193,user193@example.com,2025-11-12 15:20:20.780846
Asset_194,user194@example.com,2025-08-21 15:20:20.780852
Asset_195,user195@example.com,2025-10-21 15:20:20.780857
Asset_196,user196@example.com,2025-08-07 15:20:20.780863
Asset_197,user197@example.com,2025-12-26 15:20:20.780868
Asset_198,user198@example.com,2025-03-13 15:20:20.780879
Asset_199,user199@example.com,2025-09-20 15:20:20.780884
Asset_200,user200@example.com,2025-03-20 15:20:20.780887
